{"initial_reset_timestamp": 1575234306.4802563, "timestamps": [1575234378.3324351], "episode_lengths": [1689], "episode_rewards": [20.0], "episode_types": ["t"]}