{"initial_reset_timestamp": 1575235289.50866, "timestamps": [1575235413.8891382], "episode_lengths": [2955], "episode_rewards": [6.0], "episode_types": ["t"]}