{"initial_reset_timestamp": 1575304532.0613158, "timestamps": [1575304603.5061522], "episode_lengths": [1689], "episode_rewards": [20.0], "episode_types": ["t"]}