{"initial_reset_timestamp": 1575327152.874786, "timestamps": [1575327221.0495005], "episode_lengths": [1635], "episode_rewards": [21.0], "episode_types": ["t"]}