{"initial_reset_timestamp": 1575234782.7727954, "timestamps": [1575234907.0734851], "episode_lengths": [2955], "episode_rewards": [6.0], "episode_types": ["t"]}