{"initial_reset_timestamp": 1575317828.120696, "timestamps": [1575317901.8413143], "episode_lengths": [1745], "episode_rewards": [21.0], "episode_types": ["t"]}