{"initial_reset_timestamp": 1575300369.7786644, "timestamps": [1575300445.936044], "episode_lengths": [1804], "episode_rewards": [20.0], "episode_types": ["t"]}