{"initial_reset_timestamp": 1575308452.912832, "timestamps": [1575308580.0420115], "episode_lengths": [3021], "episode_rewards": [1.0], "episode_types": ["t"]}