{"initial_reset_timestamp": 1575304327.3587444, "timestamps": [1575304439.6961758], "episode_lengths": [2666], "episode_rewards": [-9.0], "episode_types": ["t"]}