{"initial_reset_timestamp": 1575234614.8868659, "timestamps": [1575234686.201211], "episode_lengths": [1689], "episode_rewards": [20.0], "episode_types": ["t"]}